{
  "timestamp": "20251219_151054",
  "test_summary": {
    "duration": 401.3996088504791,
    "total_requests": 568,
    "success_count": 460,
    "error_count": 108
  },
  "scores": {
    "scalability": 0.6875940930545591,
    "reliability": 60.366756046940296,
    "production_ready": 31.088406722664608,
    "metrics": {
      "avg_response_time": 73.23792465044104,
      "p95_response_time": 195.77922936677933,
      "success_rate": 80.98591549295774,
      "error_rate": 19.014084507042252,
      "avg_memory_usage": 75.88576158940397,
      "avg_cpu_usage": 29.592384105960264,
      "requests_per_second": 1.145990155090932,
      "criteria_met": 2,
      "total_criteria": 6
    }
  },
  "recommendations": [
    "Optimize database queries - response time too high",
    "Improve error handling - success rate below 95%",
    "Improve throughput - low requests per second",
    "Consider horizontal scaling or caching",
    "Implement better monitoring and error recovery"
  ],
  "data_status": {
    "total_products": 3369,
    "cached_products": 2
  }
}